MV_at_1,MV_at_3,MV_at_5,MV_at_10,AP_at_3,AP_at_5
1,1,1,0,1.0,0.8666666666666667
1,1,1,1,0.8333333333333333,0.8333333333333333
1,1,1,1,1.0,0.7
