mMV_at_1,mMV_at_3,mMV_at_5,mMV_at_10,mAP_at_3,mAP_at_5,Exp,Model
0.7058823529411765,0.7352941176470589,0.7352941176470589,0.7941176470588235,0.752450980392157,0.7654820261437908,GBM_MICROSCOPE_UPENN,yottixel
0.7352941176470589,0.7058823529411765,0.7058823529411765,0.7575757575757576,0.7303921568627451,0.7200980392156862,GBM_MICROSCOPE_UPENN,sish
0.7941176470588235,0.8235294117647058,0.7647058823529411,0.7352941176470589,0.8161764705882353,0.809109477124183,GBM_MICROSCOPE_UPENN,hshr
