mMV_at_1,mMV_at_3,mMV_at_5,mMV_at_10,mAP_at_3,mAP_at_5,Exp,Model
0.5757575757575758,0.6060606060606061,0.5757575757575758,0.6060606060606061,0.654040404040404,0.6635521885521886,ABLATION_GBM_MICROSCOPE_CPTAC,yottixel
0.6764705882352942,0.6764705882352942,0.6176470588235294,0.6176470588235294,0.7058823529411765,0.7116830065359477,ABLATION_GBM_MICROSCOPE_UPENN,yottixel
0.17204301075268819,0.22580645161290322,0.20430107526881722,0.20430107526881722,0.26881720430107525,0.3008960573476703,Her2Pos,yottixel
0.2268041237113402,0.28865979381443296,0.32989690721649484,0.32989690721649484,0.4235395189003436,0.44387170675830473,Her2Neg,yottixel
0.2235294117647059,0.2235294117647059,0.23529411764705882,0.24705882352941178,0.3176470588235294,0.35251633986928105,ABLATION_BRCA_TRASTUZUMAB,yottixel
