mMV_at_1,mMV_at_3,mMV_at_5,mMV_at_10,mAP_at_3,mAP_at_5,Exp,Model
0.2235294117647059,0.2235294117647059,0.23529411764705882,0.24705882352941178,0.3176470588235294,0.35251633986928105,ABLATION_BRCA_TRASTUZUMAB,yottixel
0.5357142857142857,0.5777777777777777,0.4166666666666667,0.5714285714285714,0.5416666666666666,0.540079365079365,ABLATION_BRCA_TRASTUZUMAB,sish
