MV_at_1,MV_at_3,MV_at_5,MV_at_10,AP_at_3,AP_at_5
0,0,0,1,0.3333333333333333,0.41666666666666663
1,1,1,1,1.0,1.0
1,0,0,0,1.0,1.0
