mMV_at_1,mMV_at_3,mMV_at_5,mAP_at_3,mAP_at_5,Exp,Model
0.5757575757575758,0.6363636363636364,0.6363636363636364,0.755050505050505,0.742003367003367,ABLATION_GBM_MICROSCOPE_CPTAC,yottixel
0.5294117647058824,0.4411764705882353,0.4117647058823529,0.6985294117647057,0.6694035947712418,ABLATION_GBM_MICROSCOPE_UPENN,yottixel
