MV_at_1,MV_at_3,MV_at_5,AP_at_3,AP_at_5
1,1,1,1.0,1.0
0,1,1,0.5833333333333333,0.5888888888888889
1,1,1,1.0,1.0
