mMV_at_1,mMV_at_3,mMV_at_5,mAP_at_3,mAP_at_5,Exp,Model
0.30303030303030304,0.30303030303030304,0.24242424242424243,0.39898989898989895,0.41805555555555557,GBM_MICROSCOPE_CPTAC,yottixel
0.6764705882352942,0.6666666666666666,0.65625,0.6862745098039216,0.6814950980392157,GBM_MICROSCOPE_CPTAC,sish
0.5294117647058824,0.375,0.40625,0.6666666666666666,0.6484068627450981,GBM_MICROSCOPE_CPTAC,retccl
0.7575757575757576,0.7272727272727273,0.7575757575757576,0.8055555555555555,0.7845959595959595,GBM_MICROSCOPE_CPTAC,hshr
