mMV_at_1,mMV_at_3,mMV_at_5,mAP_at_3,mAP_at_5,Exp,Model
0.38235294117647056,0.38235294117647056,0.29411764705882354,0.46813725490196073,0.45441176470588235,GBM_MICROSCOPE_UPENN,yottixel
0.7058823529411765,0.65625,0.6774193548387096,0.7254901960784313,0.724673202614379,GBM_MICROSCOPE_UPENN,sish
0.6176470588235294,0.5588235294117647,0.5588235294117647,0.7205882352941176,0.7040441176470589,GBM_MICROSCOPE_UPENN,hshr
