MV_at_1,MV_at_3,MV_at_5,AP_at_3,AP_at_5
1,1,1,0.8333333333333333,0.8055555555555555
0,0,0,0.0,0.25
1,0,0,1.0,0.7
